{"entities":{"pages":{"starter-topic":{"id":"starter-topic","title":"简介","url":"starter-topic.html","level":0,"tabIndex":0},"SecondPart":{"id":"SecondPart","title":"玄舟大陆篇","url":"secondpart.html","level":0,"pages":["end2","start2","武学废材"],"tabIndex":1},"end2":{"id":"end2","title":"元阳斗妖场","url":"end2.html","level":1,"parentId":"SecondPart","tabIndex":0},"start2":{"id":"start2","title":"蒙家小战","url":"start2.html","level":1,"parentId":"SecondPart","tabIndex":1},"武学废材":{"id":"武学废材","title":"武学废材","url":".html","level":1,"parentId":"SecondPart","tabIndex":2},"FirstPart":{"id":"FirstPart","title":"FirstPart","url":"firstpart.html","level":0,"pages":["Start","End"],"tabIndex":2},"Start":{"id":"Start","title":"Start","url":"start.html","level":1,"parentId":"FirstPart","tabIndex":0},"End":{"id":"End","title":"End","url":"end.html","level":1,"parentId":"FirstPart","tabIndex":1},"Empty-MD-Topic":{"id":"Empty-MD-Topic","title":"Empty MD Topic","url":"empty-md-topic.html","level":0,"tabIndex":3},"Tutorial":{"id":"Tutorial","title":"Tutorial","url":"tutorial.html","level":0,"tabIndex":4},"Reference":{"id":"Reference","title":"Reference","url":"reference.html","level":0,"tabIndex":5},"Overview":{"id":"Overview","title":"Overview","url":"overview.html","level":0,"tabIndex":6},"How-to":{"id":"How-to","title":"How to","url":"how-to.html","level":0,"tabIndex":7},"Starter":{"id":"Starter","title":"Starter","url":"starter.html","level":0,"tabIndex":8}}},"topLevelIds":["starter-topic","SecondPart","FirstPart","Empty-MD-Topic","Tutorial","Reference","Overview","How-to","Starter"]}