{"entities":{"pages":{"starter-topic":{"id":"starter-topic","title":"小小记录","url":"starter-topic.html","level":0,"tabIndex":0},"golang":{"id":"golang","title":"Golang","url":"golang.html","level":0,"pages":["FrameWorkDocs","blogs-website","Go101"],"tabIndex":1},"FrameWorkDocs":{"id":"FrameWorkDocs","title":"FrameWorkDocs","url":"frameworkdocs.html","level":1,"parentId":"golang","tabIndex":0},"blogs-website":{"id":"blogs-website","title":"My Repository","url":"blogs-website.html","level":1,"parentId":"golang","tabIndex":1},"Go101":{"id":"Go101","title":"Awesome-Lib","url":"go101.html","level":1,"parentId":"golang","tabIndex":2},"docker":{"id":"docker","title":"docker","url":"docker.html","level":0,"tabIndex":2},"microService":{"id":"microService","title":"微服务","url":"microservice.html","level":0,"tabIndex":3},"blender":{"id":"blender","title":"Blender","url":"blender.html","level":0,"tabIndex":4},"SecondPart":{"id":"SecondPart","title":"前端","url":"secondpart.html","level":0,"tabIndex":5},"FirstPart":{"id":"FirstPart","title":"Nginx","url":"firstpart.html","level":0,"tabIndex":6},"Empty-MD-Topic":{"id":"Empty-MD-Topic","title":"在线工具","url":"empty-md-topic.html","level":0,"tabIndex":7},"Redis":{"id":"Redis","title":"Redis","url":"redis.html","level":0,"tabIndex":8},"Linux":{"id":"Linux","title":"Linux","url":"linux.html","level":0,"tabIndex":9},"windows":{"id":"windows","title":"Windows","url":"windows.html","level":0,"tabIndex":10},"wechat":{"id":"wechat","title":"wechat","url":"wechat.html","level":0,"tabIndex":11}}},"topLevelIds":["starter-topic","golang","docker","microService","blender","SecondPart","FirstPart","Empty-MD-Topic","Redis","Linux","windows","wechat"]}