{"entities":{"pages":{"starter-topic":{"id":"starter-topic","title":"About Some Important Info","url":"starter-topic.html","level":0,"tabIndex":0},"golang":{"id":"golang","title":"Golang","url":"golang.html","level":0,"pages":["blogs-website","Go101"],"tabIndex":1},"blogs-website":{"id":"blogs-website","title":"some amazing repository","url":"blogs-website.html","level":1,"parentId":"golang","tabIndex":0},"Go101":{"id":"Go101","title":"Go101","url":"go101.html","level":1,"parentId":"golang","tabIndex":1},"github":{"id":"github","title":"Coding resources","url":"github.html","level":0,"tabIndex":2},"microService":{"id":"microService","title":"MicroService","url":"microservice.html","level":0,"tabIndex":3},"blender":{"id":"blender","title":"Blender","url":"blender.html","level":0,"tabIndex":4},"SecondPart":{"id":"SecondPart","title":"Frontend frame","url":"secondpart.html","level":0,"tabIndex":5},"FirstPart":{"id":"FirstPart","title":"Nginx","url":"firstpart.html","level":0,"tabIndex":6},"Empty-MD-Topic":{"id":"Empty-MD-Topic","title":"Online Tools","url":"empty-md-topic.html","level":0,"tabIndex":7},"Overview":{"id":"Overview","title":"Some articles","url":"overview.html","level":0,"tabIndex":8},"Redis":{"id":"Redis","title":"Redis","url":"redis.html","level":0,"tabIndex":9},"Linux":{"id":"Linux","title":"Linux","url":"linux.html","level":0,"tabIndex":10},"windows":{"id":"windows","title":"Windows","url":"windows.html","level":0,"tabIndex":11},"Pr":{"id":"Pr","title":"Edit Skills","url":"pr.html","level":0,"tabIndex":12}}},"topLevelIds":["starter-topic","golang","github","microService","blender","SecondPart","FirstPart","Empty-MD-Topic","Overview","Redis","Linux","windows","Pr"]}